feature,weight,absolute_weight
bias,-22.553596393882184,22.553596393882184
words,-3.4519338670638717,3.4519338670638717
links,9.979259040208046,9.979259040208046
capital_words,60.55373015650417,60.55373015650417
spam_word_count,12.33844544603704,12.33844544603704
