Metric,Value
Accuracy,0.62
Precision,0.8355263157894737
Recall,0.3281653746770026
F1-Score,0.4712430426716141
Specificity,0.931129476584022
TN,338.0
FP,25.0
FN,260.0
TP,127.0
